{
  "best_trial_number": 1,
  "best_blocking_rate": 0.74,
  "best_params": {
    "learning_rate": 4.192159350410976e-05,
    "gamma": 0.9723474292266348,
    "gae_lambda": 0.9491834326646725,
    "clip_range": 0.13993475643167194,
    "ent_coef": 0.001524996572521357,
    "vf_coef": 0.7146901982034297,
    "n_steps": 256,
    "batch_size": 64,
    "n_epochs": 3,
    "max_grad_norm": 0.7789631185585097,
    "net_arch_size": 256,
    "net_arch_depth": 4,
    "activation_fn": "relu"
  },
  "user_attrs": {
    "mean_reward": -74.0,
    "std_blocking_rate": 0.02966479394838268
  }
}