{
  "best_trial_number": 75,
  "best_blocking_rate": 0.08800000000000001,
  "best_params": {
    "learning_rate": 0.00027960716845474735,
    "buffer_size": 100000,
    "learning_starts": 692,
    "batch_size": 128,
    "tau": 0.017350912411417393,
    "gamma": 0.9622276108490772,
    "train_freq": 4,
    "gradient_steps": 1,
    "target_update_interval": 3877,
    "exploration_fraction": 0.1010251298462479,
    "exploration_initial_eps": 0.9469184699809786,
    "exploration_final_eps": 0.0159164577309629,
    "net_arch_size": 128,
    "net_arch_depth": 2,
    "activation_fn": "tanh"
  },
  "user_attrs": {
    "mean_reward": -8.800000190734863,
    "std_blocking_rate": 0.15450566332662374
  }
}