{
  "mean_blocking_rate": 0.03384,
  "std_blocking_rate": 0.053707116846838834,
  "episode_blocking_rates": [
    0.08,
    0.0,
    0.0,
    0.01,
    0.0,
    0.16,
    0.0,
    0.13,
    0.05,
    0.09,
    0.0,
    0.0,
    0.0,
    0.05,
    0.02,
    0.0,
    0.0,
    0.13,
    0.0,
    0.0,
    0.07,
    0.05,
    0.0,
    0.0,
    0.08,
    0.11,
    0.2,
    0.0,
    0.02,
    0.0,
    0.0,
    0.08,
    0.06,
    0.0,
    0.0,
    0.0,
    0.0,
    0.0,
    0.0,
    0.09,
    0.0,
    0.0,
    0.0,
    0.0,
    0.04,
    0.0,
    0.06,
    0.06,
    0.01,
    0.0,
    0.0,
    0.0,
    0.0,
    0.0,
    0.0,
    0.02,
    0.0,
    0.12,
    0.0,
    0.16,
    0.03,
    0.16,
    0.0,
    0.06,
    0.0,
    0.09,
    0.0,
    0.0,
    0.11,
    0.08,
    0.04,
    0.03,
    0.0,
    0.0,
    0.15,
    0.01,
    0.0,
    0.0,
    0.0,
    0.02,
    0.0,
    0.0,
    0.0,
    0.12,
    0.13,
    0.01,
    0.0,
    0.07,
    0.06,
    0.0,
    0.0,
    0.0,
    0.02,
    0.09,
    0.0,
    0.0,
    0.14,
    0.09,
    0.13,
    0.0,
    0.02,
    0.02,
    0.0,
    0.15,
    0.0,
    0.2,
    0.0,
    0.12,
    0.0,
    0.0,
    0.0,
    0.14,
    0.0,
    0.0,
    0.05,
    0.0,
    0.0,
    0.01,
    0.08,
    0.0,
    0.0,
    0.0,
    0.12,
    0.0,
    0.13,
    0.17,
    0.0,
    0.0,
    0.0,
    0.04,
    0.0,
    0.0,
    0.0,
    0.06,
    0.0,
    0.0,
    0.0,
    0.0,
    0.02,
    0.1,
    0.0,
    0.01,
    0.11,
    0.0,
    0.0,
    0.0,
    0.0,
    0.0,
    0.0,
    0.1,
    0.2,
    0.0,
    0.0,
    0.06,
    0.11,
    0.0,
    0.0,
    0.1,
    0.0,
    0.0,
    0.0,
    0.0,
    0.04,
    0.12,
    0.05,
    0.08,
    0.18,
    0.02,
    0.14,
    0.12,
    0.08,
    0.0,
    0.0,
    0.0,
    0.0,
    0.0,
    0.0,
    0.08,
    0.07,
    0.14,
    0.07,
    0.0,
    0.0,
    0.0,
    0.06,
    0.07,
    0.0,
    0.0,
    0.02,
    0.05,
    0.0,
    0.0,
    0.0,
    0.11,
    0.19,
    0.0,
    0.0,
    0.0,
    0.0,
    0.0,
    0.0,
    0.03,
    0.05,
    0.02,
    0.01,
    0.08,
    0.0,
    0.0,
    0.16,
    0.0,
    0.0,
    0.0,
    0.0,
    0.0,
    0.12,
    0.0,
    0.15,
    0.0,
    0.0,
    0.0,
    0.0,
    0.0,
    0.0,
    0.01,
    0.0,
    0.0,
    0.0,
    0.03,
    0.0,
    0.0,
    0.0,
    0.0,
    0.09,
    0.0,
    0.0,
    0.05,
    0.0,
    0.04,
    0.0,
    0.0,
    0.09,
    0.0,
    0.07,
    0.0,
    0.0,
    0.0,
    0.0,
    0.11,
    0.0,
    0.0,
    0.0,
    0.0,
    0.0,
    0.08,
    0.16,
    0.17,
    0.04,
    0.03,
    0.0,
    0.04,
    0.0,
    0.0,
    0.0,
    0.1,
    0.0,
    0.0,
    0.0,
    0.03,
    0.11,
    0.0,
    0.0,
    0.0,
    0.0,
    0.0,
    0.0,
    0.0,
    0.13,
    0.0,
    0.13,
    0.01,
    0.0,
    0.0,
    0.06,
    0.0,
    0.0,
    0.06,
    0.05,
    0.0,
    0.0,
    0.0,
    0.04,
    0.03,
    0.05,
    0.01,
    0.0,
    0.0,
    0.0,
    0.0,
    0.0,
    0.0,
    0.0,
    0.05,
    0.12,
    0.05,
    0.12,
    0.0,
    0.03,
    0.0,
    0.0,
    0.07,
    0.0,
    0.0,
    0.03,
    0.0,
    0.0,
    0.0,
    0.06,
    0.0,
    0.0,
    0.0,
    0.13,
    0.06,
    0.0,
    0.05,
    0.0,
    0.21,
    0.0,
    0.0,
    0.0,
    0.0,
    0.0,
    0.13,
    0.0,
    0.0,
    0.0,
    0.0,
    0.08,
    0.05,
    0.01,
    0.0,
    0.14,
    0.0,
    0.04,
    0.0,
    0.0,
    0.08,
    0.01,
    0.0,
    0.09,
    0.13,
    0.08,
    0.0,
    0.0,
    0.0,
    0.0,
    0.0,
    0.0,
    0.0,
    0.05,
    0.0,
    0.0,
    0.0,
    0.0,
    0.12,
    0.0,
    0.0,
    0.07,
    0.0,
    0.12,
    0.0,
    0.0,
    0.0,
    0.0,
    0.08,
    0.0,
    0.0,
    0.0,
    0.02,
    0.0,
    0.12,
    0.04,
    0.0,
    0.0,
    0.0,
    0.0,
    0.0,
    0.12,
    0.0,
    0.0,
    0.0,
    0.0,
    0.0,
    0.07,
    0.0,
    0.0,
    0.0,
    0.1,
    0.05,
    0.0,
    0.0,
    0.14,
    0.0,
    0.09,
    0.07,
    0.02,
    0.0,
    0.16,
    0.0,
    0.08,
    0.08,
    0.0,
    0.0,
    0.1,
    0.16,
    0.0,
    0.06,
    0.0,
    0.0,
    0.09,
    0.1,
    0.0,
    0.03,
    0.0,
    0.0,
    0.0,
    0.0,
    0.08,
    0.0,
    0.12,
    0.0,
    0.0,
    0.07,
    0.0,
    0.03,
    0.0,
    0.0,
    0.0,
    0.12,
    0.0,
    0.02,
    0.0,
    0.13,
    0.07,
    0.04,
    0.0,
    0.0,
    0.09,
    0.0,
    0.04,
    0.0,
    0.0,
    0.0,
    0.0,
    0.18,
    0.0,
    0.0,
    0.0,
    0.0,
    0.06,
    0.0,
    0.0,
    0.0,
    0.0,
    0.05,
    0.0,
    0.08,
    0.08,
    0.0,
    0.0,
    0.0,
    0.06,
    0.12,
    0.0,
    0.09,
    0.0,
    0.08,
    0.08,
    0.0,
    0.07,
    0.0,
    0.0,
    0.0,
    0.0,
    0.17,
    0.0,
    0.03,
    0.17,
    0.16,
    0.0,
    0.0,
    0.0,
    0.0,
    0.0,
    0.29,
    0.0,
    0.07,
    0.0,
    0.0,
    0.0,
    0.0,
    0.0,
    0.0,
    0.0,
    0.0,
    0.03,
    0.0,
    0.0,
    0.0,
    0.0,
    0.01,
    0.1,
    0.16,
    0.08,
    0.0,
    0.11,
    0.0,
    0.17,
    0.0,
    0.13,
    0.0,
    0.0,
    0.0,
    0.0,
    0.04,
    0.07,
    0.0,
    0.0,
    0.06,
    0.0,
    0.03,
    0.0,
    0.0,
    0.0,
    0.0,
    0.06,
    0.09,
    0.0,
    0.0,
    0.13,
    0.06,
    0.07,
    0.11,
    0.0,
    0.0,
    0.09,
    0.09,
    0.0,
    0.23,
    0.0,
    0.0,
    0.15,
    0.2,
    0.01,
    0.02,
    0.04,
    0.05,
    0.09,
    0.08,
    0.0,
    0.0,
    0.04,
    0.17,
    0.08,
    0.0,
    0.06,
    0.14,
    0.0,
    0.0,
    0.04,
    0.14,
    0.0,
    0.0,
    0.0,
    0.0,
    0.0,
    0.17,
    0.11,
    0.1,
    0.0,
    0.0,
    0.0,
    0.0,
    0.0,
    0.0,
    0.0,
    0.0,
    0.07,
    0.0,
    0.02,
    0.04,
    0.0,
    0.03,
    0.0,
    0.0,
    0.0,
    0.0,
    0.0,
    0.0,
    0.1,
    0.05,
    0.17,
    0.0,
    0.0,
    0.0,
    0.06,
    0.09,
    0.09,
    0.03,
    0.14,
    0.0,
    0.0,
    0.0,
    0.0,
    0.12,
    0.02,
    0.0,
    0.0,
    0.12,
    0.0,
    0.0,
    0.01,
    0.08,
    0.18,
    0.0,
    0.0,
    0.0,
    0.07,
    0.0,
    0.08,
    0.0,
    0.0,
    0.0,
    0.0,
    0.0,
    0.1,
    0.03,
    0.09,
    0.03,
    0.05,
    0.0,
    0.0,
    0.01,
    0.0,
    0.18,
    0.0,
    0.08,
    0.0,
    0.0,
    0.01,
    0.1,
    0.07,
    0.0,
    0.0,
    0.05,
    0.0,
    0.0,
    0.2,
    0.0,
    0.0,
    0.0,
    0.05,
    0.08,
    0.01,
    0.0,
    0.13,
    0.04,
    0.0,
    0.03,
    0.0,
    0.03,
    0.0,
    0.0,
    0.01,
    0.0,
    0.0,
    0.0,
    0.01,
    0.0,
    0.0,
    0.01,
    0.0,
    0.02,
    0.0,
    0.0,
    0.0,
    0.0,
    0.0,
    0.0,
    0.17,
    0.0,
    0.0,
    0.01,
    0.0,
    0.0,
    0.0,
    0.01,
    0.0,
    0.0,
    0.0,
    0.0,
    0.0,
    0.0,
    0.0,
    0.0,
    0.08,
    0.06,
    0.0,
    0.0,
    0.13,
    0.16,
    0.0,
    0.0,
    0.0,
    0.0,
    0.15,
    0.07,
    0.06,
    0.0,
    0.13,
    0.01,
    0.0,
    0.19,
    0.0,
    0.04,
    0.0,
    0.01,
    0.05,
    0.17,
    0.0,
    0.18,
    0.0,
    0.0,
    0.0,
    0.06,
    0.0,
    0.0,
    0.09,
    0.0,
    0.0,
    0.04,
    0.0,
    0.0,
    0.0,
    0.08,
    0.0,
    0.03,
    0.0,
    0.0,
    0.0,
    0.0,
    0.0,
    0.05,
    0.0,
    0.0,
    0.17,
    0.0,
    0.03,
    0.03,
    0.0,
    0.06,
    0.09,
    0.0,
    0.0,
    0.04,
    0.13,
    0.02,
    0.0,
    0.08,
    0.14,
    0.0,
    0.0,
    0.0,
    0.0,
    0.0,
    0.0,
    0.03,
    0.0,
    0.16,
    0.0,
    0.14,
    0.0,
    0.22,
    0.02,
    0.06,
    0.0,
    0.0,
    0.16,
    0.0,
    0.0,
    0.01,
    0.0,
    0.0,
    0.0,
    0.0,
    0.0,
    0.0,
    0.0,
    0.09,
    0.0,
    0.0,
    0.0,
    0.0,
    0.13,
    0.0,
    0.12,
    0.0,
    0.0,
    0.11,
    0.0,
    0.15,
    0.0,
    0.22,
    0.01,
    0.0,
    0.01,
    0.11,
    0.0,
    0.0,
    0.09,
    0.0,
    0.0,
    0.0,
    0.03,
    0.0,
    0.12,
    0.0,
    0.03,
    0.09,
    0.14,
    0.0,
    0.0,
    0.12,
    0.0,
    0.0,
    0.0,
    0.15,
    0.0,
    0.11,
    0.01,
    0.0,
